-- phpMyAdmin SQL Dump
-- version 5.1.1
-- https://www.phpmyadmin.net/
--
-- Host: 127.0.0.1
-- Generation Time: Nov 29, 2023 at 01:46 AM
-- Server version: 10.4.21-MariaDB
-- PHP Version: 7.4.25

SET SQL_MODE = "NO_AUTO_VALUE_ON_ZERO";
START TRANSACTION;
SET time_zone = "+00:00";


/*!40101 SET @OLD_CHARACTER_SET_CLIENT=@@CHARACTER_SET_CLIENT */;
/*!40101 SET @OLD_CHARACTER_SET_RESULTS=@@CHARACTER_SET_RESULTS */;
/*!40101 SET @OLD_COLLATION_CONNECTION=@@COLLATION_CONNECTION */;
/*!40101 SET NAMES utf8mb4 */;

--
-- Database: `ai`
--

-- --------------------------------------------------------

--
-- Table structure for table `module_details`
--

CREATE TABLE `module_details` (
  `module` varchar(5) NOT NULL,
  `year` varchar(4) NOT NULL,
  `semester` int(1) NOT NULL,
  `student_id` int(7) NOT NULL,
  `grade_points` float NOT NULL
) ENGINE=InnoDB DEFAULT CHARSET=utf8mb4;

--
-- Dumping data for table `module_details`
--

INSERT INTO `module_details` (`module`, `year`, `semester`, `student_id`, `grade_points`) VALUES
('CUS19', '2023', 1, 2366320, 1.56),
('ENG42', '2023', 1, 2366320, 1.95),
('MAT15', '2023', 1, 2366320, 1.82),
('PHY28', '2023', 1, 2366320, 1.1),
('CHE03', '2023', 1, 2366320, 1.59),
('BIO21', '2023', 2, 2366320, 1.9),
('HIS07', '2023', 2, 2366320, 1.56),
('GEO29', '2023', 2, 2366320, 1.93),
('ECO12', '2023', 2, 2366320, 1.92),
('ART36', '2023', 2, 2366320, 1.8),
('CUS19', '2021', 1, 2184941, 1.24),
('ENG42', '2021', 1, 2184941, 1.27),
('MAT15', '2021', 1, 2184941, 1.77),
('PHY28', '2021', 1, 2184941, 1.69),
('CHE03', '2021', 1, 2184941, 1.28),
('BIO21', '2021', 2, 2184941, 1.85),
('HIS07', '2021', 2, 2184941, 1.42),
('GEO29', '2021', 2, 2184941, 1.33),
('ECO12', '2021', 2, 2184941, 1.81),
('ART36', '2021', 2, 2184941, 1.36),
('CUS19', '2020', 1, 2086311, 1.77),
('ENG42', '2020', 1, 2086311, 1.97),
('MAT15', '2020', 1, 2086311, 1.56),
('PHY28', '2020', 1, 2086311, 1.85),
('CHE03', '2020', 1, 2086311, 1.23),
('BIO21', '2020', 2, 2086311, 1.63),
('HIS07', '2020', 2, 2086311, 1.73),
('GEO29', '2020', 2, 2086311, 1.49),
('ECO12', '2020', 2, 2086311, 1.24),
('ART36', '2020', 2, 2086311, 1.76),
('CUS19', '2020', 1, 2018212, 1.85),
('ENG42', '2020', 1, 2018212, 1.55),
('MAT15', '2020', 1, 2018212, 1.43),
('PHY28', '2020', 1, 2018212, 1.63),
('CHE03', '2020', 1, 2018212, 1.48),
('BIO21', '2020', 2, 2018212, 1.64),
('HIS07', '2020', 2, 2018212, 1.42),
('GEO29', '2020', 2, 2018212, 2),
('ECO12', '2020', 2, 2018212, 1.8),
('ART36', '2020', 2, 2018212, 1.11),
('CUS19', '2019', 1, 1945912, 1.37),
('ENG42', '2019', 1, 1945912, 1.2),
('MAT15', '2019', 1, 1945912, 1.32),
('PHY28', '2019', 1, 1945912, 1.66),
('CHE03', '2019', 1, 1945912, 1.89),
('BIO21', '2019', 2, 1945912, 1.4),
('HIS07', '2019', 2, 1945912, 1.79),
('GEO29', '2019', 2, 1945912, 1.44),
('ECO12', '2019', 2, 1945912, 1.51),
('ART36', '2019', 2, 1945912, 1.55),
('CUS19', '2024', 1, 2421156, 1.68),
('ENG42', '2024', 1, 2421156, 1.61),
('MAT15', '2024', 1, 2421156, 1.93),
('PHY28', '2024', 1, 2421156, 1.63),
('CHE03', '2024', 1, 2421156, 1.84),
('BIO21', '2024', 2, 2421156, 1.49),
('HIS07', '2024', 2, 2421156, 1.78),
('GEO29', '2024', 2, 2421156, 1.27),
('ECO12', '2024', 2, 2421156, 1.64),
('ART36', '2024', 2, 2421156, 1.47),
('CUS19', '2023', 1, 2324305, 1.48),
('ENG42', '2023', 1, 2324305, 1.37),
('MAT15', '2023', 1, 2324305, 1.37),
('PHY28', '2023', 1, 2324305, 1.29),
('CHE03', '2023', 1, 2324305, 1.8),
('BIO21', '2023', 2, 2324305, 1.69),
('HIS07', '2023', 2, 2324305, 1.62),
('GEO29', '2023', 2, 2324305, 1.5),
('ECO12', '2023', 2, 2324305, 1.55),
('ART36', '2023', 2, 2324305, 1.21),
('CUS19', '2019', 1, 1965310, 1.26),
('ENG42', '2019', 1, 1965310, 1.35),
('MAT15', '2019', 1, 1965310, 1.51),
('PHY28', '2019', 1, 1965310, 1.47),
('CHE03', '2019', 1, 1965310, 1.76),
('BIO21', '2019', 2, 1965310, 1.64),
('HIS07', '2019', 2, 1965310, 1.69),
('GEO29', '2019', 2, 1965310, 1.71),
('ECO12', '2019', 2, 1965310, 1.49),
('ART36', '2019', 2, 1965310, 1.36),
('CUS19', '2024', 1, 2462433, 1.76),
('ENG42', '2024', 1, 2462433, 1.14),
('MAT15', '2024', 1, 2462433, 1.17),
('PHY28', '2024', 1, 2462433, 1.83),
('CHE03', '2024', 1, 2462433, 1.13),
('BIO21', '2024', 2, 2462433, 1.34),
('HIS07', '2024', 2, 2462433, 1.63),
('GEO29', '2024', 2, 2462433, 1.63),
('ECO12', '2024', 2, 2462433, 1.74),
('ART36', '2024', 2, 2462433, 1.67),
('CUS19', '2024', 1, 2427079, 1.77),
('ENG42', '2024', 1, 2427079, 1.75),
('MAT15', '2024', 1, 2427079, 1.4),
('PHY28', '2024', 1, 2427079, 1.77),
('CHE03', '2024', 1, 2427079, 1.79),
('BIO21', '2024', 2, 2427079, 1.72),
('HIS07', '2024', 2, 2427079, 1.45),
('GEO29', '2024', 2, 2427079, 1.97),
('ECO12', '2024', 2, 2427079, 1.17),
('ART36', '2024', 2, 2427079, 1.68),
('CUS19', '2020', 1, 2080008, 1.31),
('ENG42', '2020', 1, 2080008, 1.52),
('MAT15', '2020', 1, 2080008, 1.5),
('PHY28', '2020', 1, 2080008, 1.34),
('CHE03', '2020', 1, 2080008, 1.83),
('BIO21', '2020', 2, 2080008, 1.85),
('HIS07', '2020', 2, 2080008, 1.17),
('GEO29', '2020', 2, 2080008, 1.74),
('ECO12', '2020', 2, 2080008, 1.62),
('ART36', '2020', 2, 2080008, 1.29),
('CUS19', '2023', 1, 2395279, 1.31),
('ENG42', '2023', 1, 2395279, 1.17),
('MAT15', '2023', 1, 2395279, 1.99),
('PHY28', '2023', 1, 2395279, 1.77),
('CHE03', '2023', 1, 2395279, 1.19),
('BIO21', '2023', 2, 2395279, 1.63),
('HIS07', '2023', 2, 2395279, 1.5),
('GEO29', '2023', 2, 2395279, 1.2),
('ECO12', '2023', 2, 2395279, 1.67),
('ART36', '2023', 2, 2395279, 1.77),
('CUS19', '2024', 1, 2476186, 1.95),
('ENG42', '2024', 1, 2476186, 1.78),
('MAT15', '2024', 1, 2476186, 1.32),
('PHY28', '2024', 1, 2476186, 1.64),
('CHE03', '2024', 1, 2476186, 1.73),
('BIO21', '2024', 2, 2476186, 1.32),
('HIS07', '2024', 2, 2476186, 1.26),
('GEO29', '2024', 2, 2476186, 1.64),
('ECO12', '2024', 2, 2476186, 1.31),
('ART36', '2024', 2, 2476186, 1.52),
('CUS19', '2022', 1, 2241813, 1.35),
('ENG42', '2022', 1, 2241813, 1.84),
('MAT15', '2022', 1, 2241813, 1.58),
('PHY28', '2022', 1, 2241813, 1.25),
('CHE03', '2022', 1, 2241813, 1.75),
('BIO21', '2022', 2, 2241813, 1.53),
('HIS07', '2022', 2, 2241813, 1.39),
('GEO29', '2022', 2, 2241813, 1.68),
('ECO12', '2022', 2, 2241813, 1.15),
('ART36', '2022', 2, 2241813, 1.46),
('CUS19', '2022', 1, 2287940, 1.53),
('ENG42', '2022', 1, 2287940, 1.54),
('MAT15', '2022', 1, 2287940, 1.79),
('PHY28', '2022', 1, 2287940, 1.54),
('CHE03', '2022', 1, 2287940, 1.44),
('BIO21', '2022', 2, 2287940, 1.56),
('HIS07', '2022', 2, 2287940, 1.57),
('GEO29', '2022', 2, 2287940, 1.93),
('ECO12', '2022', 2, 2287940, 1.26),
('ART36', '2022', 2, 2287940, 1.68),
('CUS19', '2019', 1, 1976218, 1.34),
('ENG42', '2019', 1, 1976218, 1.24),
('MAT15', '2019', 1, 1976218, 1.57),
('PHY28', '2019', 1, 1976218, 1.17),
('CHE03', '2019', 1, 1976218, 1.52),
('BIO21', '2019', 2, 1976218, 1.95),
('HIS07', '2019', 2, 1976218, 1.88),
('GEO29', '2019', 2, 1976218, 1.88),
('ECO12', '2019', 2, 1976218, 1.18),
('ART36', '2019', 2, 1976218, 1.96),
('CUS19', '2020', 1, 2028160, 1.31),
('ENG42', '2020', 1, 2028160, 1.6),
('MAT15', '2020', 1, 2028160, 1.21),
('PHY28', '2020', 1, 2028160, 1.7),
('CHE03', '2020', 1, 2028160, 1.24),
('BIO21', '2020', 2, 2028160, 1.14),
('HIS07', '2020', 2, 2028160, 1.63),
('GEO29', '2020', 2, 2028160, 1.12),
('ECO12', '2020', 2, 2028160, 1.77),
('ART36', '2020', 2, 2028160, 1.96),
('CUS19', '2021', 1, 2170112, 1.18),
('ENG42', '2021', 1, 2170112, 1.3),
('MAT15', '2021', 1, 2170112, 1.98),
('PHY28', '2021', 1, 2170112, 1.32),
('CHE03', '2021', 1, 2170112, 1.13),
('BIO21', '2021', 2, 2170112, 1.6),
('HIS07', '2021', 2, 2170112, 1.28),
('GEO29', '2021', 2, 2170112, 1.6),
('ECO12', '2021', 2, 2170112, 1.51),
('ART36', '2021', 2, 2170112, 1.41),
('CUS19', '2024', 1, 2420526, 1.91),
('ENG42', '2024', 1, 2420526, 1.31),
('MAT15', '2024', 1, 2420526, 1.99),
('PHY28', '2024', 1, 2420526, 1.21),
('CHE03', '2024', 1, 2420526, 1.24),
('BIO21', '2024', 2, 2420526, 1.89),
('HIS07', '2024', 2, 2420526, 1.75),
('GEO29', '2024', 2, 2420526, 1.39),
('ECO12', '2024', 2, 2420526, 1.79),
('ART36', '2024', 2, 2420526, 1.74),
('CUS19', '2024', 1, 2476451, 1.27),
('ENG42', '2024', 1, 2476451, 1.81),
('MAT15', '2024', 1, 2476451, 1.69),
('PHY28', '2024', 1, 2476451, 1.23),
('CHE03', '2024', 1, 2476451, 1.6),
('BIO21', '2024', 2, 2476451, 1.32),
('HIS07', '2024', 2, 2476451, 1.74),
('GEO29', '2024', 2, 2476451, 1.61),
('ECO12', '2024', 2, 2476451, 1.67),
('ART36', '2024', 2, 2476451, 1.99),
('CUS19', '2021', 1, 2111979, 1.71),
('ENG42', '2021', 1, 2111979, 1.22),
('MAT15', '2021', 1, 2111979, 1.62),
('PHY28', '2021', 1, 2111979, 1.53),
('CHE03', '2021', 1, 2111979, 1.99),
('BIO21', '2021', 2, 2111979, 1.35),
('HIS07', '2021', 2, 2111979, 1.4),
('GEO29', '2021', 2, 2111979, 1.38),
('ECO12', '2021', 2, 2111979, 1.31),
('ART36', '2021', 2, 2111979, 1.9),
('CUS19', '2021', 1, 2126732, 1.68),
('ENG42', '2021', 1, 2126732, 1.28),
('MAT15', '2021', 1, 2126732, 1.49),
('PHY28', '2021', 1, 2126732, 1.27),
('CHE03', '2021', 1, 2126732, 1.33),
('BIO21', '2021', 2, 2126732, 1.85),
('HIS07', '2021', 2, 2126732, 1.97),
('GEO29', '2021', 2, 2126732, 1.85),
('ECO12', '2021', 2, 2126732, 1.13),
('ART36', '2021', 2, 2126732, 1.69),
('CUS19', '2021', 1, 2189290, 1.8),
('ENG42', '2021', 1, 2189290, 1.62),
('MAT15', '2021', 1, 2189290, 1.33),
('PHY28', '2021', 1, 2189290, 1.68),
('CHE03', '2021', 1, 2189290, 1.12),
('BIO21', '2021', 2, 2189290, 1.16),
('HIS07', '2021', 2, 2189290, 1.67),
('GEO29', '2021', 2, 2189290, 1.67),
('ECO12', '2021', 2, 2189290, 1.46),
('ART36', '2021', 2, 2189290, 2),
('CUS19', '2022', 1, 2230770, 1.84),
('ENG42', '2022', 1, 2230770, 1.33),
('MAT15', '2022', 1, 2230770, 1.87),
('PHY28', '2022', 1, 2230770, 1.56),
('CHE03', '2022', 1, 2230770, 1.56),
('BIO21', '2022', 2, 2230770, 1.57),
('HIS07', '2022', 2, 2230770, 1.42),
('GEO29', '2022', 2, 2230770, 1.52),
('ECO12', '2022', 2, 2230770, 1.31),
('ART36', '2022', 2, 2230770, 1.24),
('CUS19', '2020', 1, 2097164, 1.14),
('ENG42', '2020', 1, 2097164, 1.91),
('MAT15', '2020', 1, 2097164, 1.85),
('PHY28', '2020', 1, 2097164, 1.94),
('CHE03', '2020', 1, 2097164, 1.17),
('BIO21', '2020', 2, 2097164, 1.45),
('HIS07', '2020', 2, 2097164, 1.53),
('GEO29', '2020', 2, 2097164, 1.83),
('ECO12', '2020', 2, 2097164, 1.69),
('ART36', '2020', 2, 2097164, 1.77),
('CUS19', '2023', 1, 2358836, 1.21),
('ENG42', '2023', 1, 2358836, 1.69),
('MAT15', '2023', 1, 2358836, 1.43),
('PHY28', '2023', 1, 2358836, 1.41),
('CHE03', '2023', 1, 2358836, 1.31),
('BIO21', '2023', 2, 2358836, 1.85),
('HIS07', '2023', 2, 2358836, 1.66),
('GEO29', '2023', 2, 2358836, 1.25),
('ECO12', '2023', 2, 2358836, 1.16),
('ART36', '2023', 2, 2358836, 1.39),
('CUS19', '2023', 1, 2381830, 1.4),
('ENG42', '2023', 1, 2381830, 1.64),
('MAT15', '2023', 1, 2381830, 1.77),
('PHY28', '2023', 1, 2381830, 1.55),
('CHE03', '2023', 1, 2381830, 1.52),
('BIO21', '2023', 2, 2381830, 1.35),
('HIS07', '2023', 2, 2381830, 1.67),
('GEO29', '2023', 2, 2381830, 1.99),
('ECO12', '2023', 2, 2381830, 1.85),
('ART36', '2023', 2, 2381830, 1.91),
('CUS19', '2023', 1, 2352819, 1.34),
('ENG42', '2023', 1, 2352819, 1.68),
('MAT15', '2023', 1, 2352819, 1.37),
('PHY28', '2023', 1, 2352819, 1.19),
('CHE03', '2023', 1, 2352819, 1.14),
('BIO21', '2023', 2, 2352819, 1.76),
('HIS07', '2023', 2, 2352819, 1.54),
('GEO29', '2023', 2, 2352819, 1.36),
('ECO12', '2023', 2, 2352819, 1.43),
('ART36', '2023', 2, 2352819, 1.35),
('CUS19', '2024', 1, 2450504, 1.8),
('ENG42', '2024', 1, 2450504, 1.7),
('MAT15', '2024', 1, 2450504, 1.66),
('PHY28', '2024', 1, 2450504, 1.76),
('CHE03', '2024', 1, 2450504, 1.3),
('BIO21', '2024', 2, 2450504, 1.9),
('HIS07', '2024', 2, 2450504, 1.19),
('GEO29', '2024', 2, 2450504, 1.29),
('ECO12', '2024', 2, 2450504, 1.91),
('ART36', '2024', 2, 2450504, 1.1),
('CUS19', '2020', 1, 2090955, 1.34),
('ENG42', '2020', 1, 2090955, 1.72),
('MAT15', '2020', 1, 2090955, 1.35),
('PHY28', '2020', 1, 2090955, 2),
('CHE03', '2020', 1, 2090955, 1.55),
('BIO21', '2020', 2, 2090955, 1.39),
('HIS07', '2020', 2, 2090955, 1.94),
('GEO29', '2020', 2, 2090955, 1.99),
('ECO12', '2020', 2, 2090955, 1.47),
('ART36', '2020', 2, 2090955, 1.91),
('CUS19', '2020', 1, 2088124, 1.2),
('ENG42', '2020', 1, 2088124, 1.91),
('MAT15', '2020', 1, 2088124, 1.38),
('PHY28', '2020', 1, 2088124, 1.48),
('CHE03', '2020', 1, 2088124, 1.23),
('BIO21', '2020', 2, 2088124, 1.51),
('HIS07', '2020', 2, 2088124, 1.16),
('GEO29', '2020', 2, 2088124, 1.85),
('ECO12', '2020', 2, 2088124, 1.4),
('ART36', '2020', 2, 2088124, 1.84),
('CUS19', '2023', 1, 2382485, 1.2),
('ENG42', '2023', 1, 2382485, 1.48),
('MAT15', '2023', 1, 2382485, 1.44),
('PHY28', '2023', 1, 2382485, 1.72),
('CHE03', '2023', 1, 2382485, 1.68),
('BIO21', '2023', 2, 2382485, 1.61),
('HIS07', '2023', 2, 2382485, 1.65),
('GEO29', '2023', 2, 2382485, 1.14),
('ECO12', '2023', 2, 2382485, 1.68),
('ART36', '2023', 2, 2382485, 1.22),
('CUS19', '2019', 1, 1913105, 1.24),
('ENG42', '2019', 1, 1913105, 1.43),
('MAT15', '2019', 1, 1913105, 1.72),
('PHY28', '2019', 1, 1913105, 1.63),
('CHE03', '2019', 1, 1913105, 1.63),
('BIO21', '2019', 2, 1913105, 1.21),
('HIS07', '2019', 2, 1913105, 1.36),
('GEO29', '2019', 2, 1913105, 1.29),
('ECO12', '2019', 2, 1913105, 1.28),
('ART36', '2019', 2, 1913105, 1.78),
('CUS19', '2022', 1, 2233462, 1.95),
('ENG42', '2022', 1, 2233462, 1.43),
('MAT15', '2022', 1, 2233462, 1.87),
('PHY28', '2022', 1, 2233462, 1.6),
('CHE03', '2022', 1, 2233462, 1.91),
('BIO21', '2022', 2, 2233462, 1.78),
('HIS07', '2022', 2, 2233462, 1.77),
('GEO29', '2022', 2, 2233462, 1.63),
('ECO12', '2022', 2, 2233462, 1.68),
('ART36', '2022', 2, 2233462, 1.93),
('CUS19', '2023', 1, 2364773, 1.26),
('ENG42', '2023', 1, 2364773, 1.61),
('MAT15', '2023', 1, 2364773, 1.92),
('PHY28', '2023', 1, 2364773, 1.62),
('CHE03', '2023', 1, 2364773, 1.29),
('BIO21', '2023', 2, 2364773, 1.54),
('HIS07', '2023', 2, 2364773, 1.65),
('GEO29', '2023', 2, 2364773, 1.93),
('ECO12', '2023', 2, 2364773, 1.9),
('ART36', '2023', 2, 2364773, 1.98),
('CUS19', '2019', 1, 1985409, 1.68),
('ENG42', '2019', 1, 1985409, 1.12),
('MAT15', '2019', 1, 1985409, 1.49),
('PHY28', '2019', 1, 1985409, 1.16),
('CHE03', '2019', 1, 1985409, 1.36),
('BIO21', '2019', 2, 1985409, 1.84),
('HIS07', '2019', 2, 1985409, 1.94),
('GEO29', '2019', 2, 1985409, 1.78),
('ECO12', '2019', 2, 1985409, 1.75),
('ART36', '2019', 2, 1985409, 1.96),
('CUS19', '2021', 1, 2190646, 1.37),
('ENG42', '2021', 1, 2190646, 1.12),
('MAT15', '2021', 1, 2190646, 1.82),
('PHY28', '2021', 1, 2190646, 1.23),
('CHE03', '2021', 1, 2190646, 1.59),
('BIO21', '2021', 2, 2190646, 1.87),
('HIS07', '2021', 2, 2190646, 1.31),
('GEO29', '2021', 2, 2190646, 1.93),
('ECO12', '2021', 2, 2190646, 1.27),
('ART36', '2021', 2, 2190646, 1.48),
('CUS19', '2020', 1, 2020630, 1.73),
('ENG42', '2020', 1, 2020630, 1.24),
('MAT15', '2020', 1, 2020630, 1.89),
('PHY28', '2020', 1, 2020630, 1.74),
('CHE03', '2020', 1, 2020630, 1.4),
('BIO21', '2020', 2, 2020630, 1.36),
('HIS07', '2020', 2, 2020630, 1.57),
('GEO29', '2020', 2, 2020630, 1.17),
('ECO12', '2020', 2, 2020630, 1.49),
('ART36', '2020', 2, 2020630, 1.48),
('CUS19', '2019', 1, 1951066, 1.87),
('ENG42', '2019', 1, 1951066, 1.22),
('MAT15', '2019', 1, 1951066, 1.95),
('PHY28', '2019', 1, 1951066, 1.12),
('CHE03', '2019', 1, 1951066, 1.52),
('BIO21', '2019', 2, 1951066, 1.54),
('HIS07', '2019', 2, 1951066, 1.97),
('GEO29', '2019', 2, 1951066, 1.9),
('ECO12', '2019', 2, 1951066, 1.47),
('ART36', '2019', 2, 1951066, 1.87),
('CUS19', '2023', 1, 2322379, 1.88),
('ENG42', '2023', 1, 2322379, 1.17),
('MAT15', '2023', 1, 2322379, 1.66),
('PHY28', '2023', 1, 2322379, 1.5),
('CHE03', '2023', 1, 2322379, 1.45),
('BIO21', '2023', 2, 2322379, 1.56),
('HIS07', '2023', 2, 2322379, 1.19),
('GEO29', '2023', 2, 2322379, 1.6),
('ECO12', '2023', 2, 2322379, 1.31),
('ART36', '2023', 2, 2322379, 1.97),
('CUS19', '2020', 1, 2062769, 1.7),
('ENG42', '2020', 1, 2062769, 1.29),
('MAT15', '2020', 1, 2062769, 1.37),
('PHY28', '2020', 1, 2062769, 1.36),
('CHE03', '2020', 1, 2062769, 1.79),
('BIO21', '2020', 2, 2062769, 1.56),
('HIS07', '2020', 2, 2062769, 1.43),
('GEO29', '2020', 2, 2062769, 1.52),
('ECO12', '2020', 2, 2062769, 1.82),
('ART36', '2020', 2, 2062769, 1.47),
('CUS19', '2024', 1, 2438275, 1.3),
('ENG42', '2024', 1, 2438275, 1.75),
('MAT15', '2024', 1, 2438275, 1.77),
('PHY28', '2024', 1, 2438275, 1.34),
('CHE03', '2024', 1, 2438275, 1.33),
('BIO21', '2024', 2, 2438275, 1.58),
('HIS07', '2024', 2, 2438275, 1.62),
('GEO29', '2024', 2, 2438275, 1.92),
('ECO12', '2024', 2, 2438275, 1.24),
('ART36', '2024', 2, 2438275, 1.52),
('CUS19', '2022', 1, 2247603, 1.93),
('ENG42', '2022', 1, 2247603, 1.89),
('MAT15', '2022', 1, 2247603, 1.52),
('PHY28', '2022', 1, 2247603, 1.48),
('CHE03', '2022', 1, 2247603, 1.45),
('BIO21', '2022', 2, 2247603, 1.64),
('HIS07', '2022', 2, 2247603, 1.52),
('GEO29', '2022', 2, 2247603, 1.22),
('ECO12', '2022', 2, 2247603, 1.24),
('ART36', '2022', 2, 2247603, 1.39),
('CUS19', '2022', 1, 2221645, 1.28),
('ENG42', '2022', 1, 2221645, 1.95),
('MAT15', '2022', 1, 2221645, 1.75),
('PHY28', '2022', 1, 2221645, 1.14),
('CHE03', '2022', 1, 2221645, 1.1),
('BIO21', '2022', 2, 2221645, 1.35),
('HIS07', '2022', 2, 2221645, 1.73),
('GEO29', '2022', 2, 2221645, 1.95),
('ECO12', '2022', 2, 2221645, 1.18),
('ART36', '2022', 2, 2221645, 1.62),
('CUS19', '2019', 1, 1926734, 1.92),
('ENG42', '2019', 1, 1926734, 1.68),
('MAT15', '2019', 1, 1926734, 1.96),
('PHY28', '2019', 1, 1926734, 1.28),
('CHE03', '2019', 1, 1926734, 1.44),
('BIO21', '2019', 2, 1926734, 1.85),
('HIS07', '2019', 2, 1926734, 1.6),
('GEO29', '2019', 2, 1926734, 1.74),
('ECO12', '2019', 2, 1926734, 1.56),
('ART36', '2019', 2, 1926734, 1.26),
('CUS19', '2023', 1, 2329739, 1.12),
('ENG42', '2023', 1, 2329739, 1.33),
('MAT15', '2023', 1, 2329739, 1.73),
('PHY28', '2023', 1, 2329739, 1.58),
('CHE03', '2023', 1, 2329739, 1.95),
('BIO21', '2023', 2, 2329739, 1.59),
('HIS07', '2023', 2, 2329739, 1.53),
('GEO29', '2023', 2, 2329739, 1.26),
('ECO12', '2023', 2, 2329739, 1.7),
('ART36', '2023', 2, 2329739, 1.49),
('CUS19', '2023', 1, 2353446, 1.54),
('ENG42', '2023', 1, 2353446, 1.41),
('MAT15', '2023', 1, 2353446, 1.89),
('PHY28', '2023', 1, 2353446, 1.17),
('CHE03', '2023', 1, 2353446, 1.14),
('BIO21', '2023', 2, 2353446, 1.41),
('HIS07', '2023', 2, 2353446, 1.25),
('GEO29', '2023', 2, 2353446, 1.58),
('ECO12', '2023', 2, 2353446, 1.51),
('ART36', '2023', 2, 2353446, 1.72),
('CUS19', '2020', 1, 2074223, 1.99),
('ENG42', '2020', 1, 2074223, 1.74),
('MAT15', '2020', 1, 2074223, 1.51),
('PHY28', '2020', 1, 2074223, 1.15),
('CHE03', '2020', 1, 2074223, 1.55),
('BIO21', '2020', 2, 2074223, 1.31),
('HIS07', '2020', 2, 2074223, 1.12),
('GEO29', '2020', 2, 2074223, 1.93),
('ECO12', '2020', 2, 2074223, 1.16),
('ART36', '2020', 2, 2074223, 2),
('CUS19', '2024', 1, 2482614, 1.64),
('ENG42', '2024', 1, 2482614, 1.83),
('MAT15', '2024', 1, 2482614, 1.98),
('PHY28', '2024', 1, 2482614, 1.14),
('CHE03', '2024', 1, 2482614, 1.84),
('BIO21', '2024', 2, 2482614, 1.3),
('HIS07', '2024', 2, 2482614, 1.67),
('GEO29', '2024', 2, 2482614, 1.73),
('ECO12', '2024', 2, 2482614, 1.16),
('ART36', '2024', 2, 2482614, 1.19),
('CUS19', '2024', 1, 2448985, 1.75),
('ENG42', '2024', 1, 2448985, 1.88),
('MAT15', '2024', 1, 2448985, 1.88),
('PHY28', '2024', 1, 2448985, 1.65),
('CHE03', '2024', 1, 2448985, 1.35),
('BIO21', '2024', 2, 2448985, 1.57),
('HIS07', '2024', 2, 2448985, 1.13),
('GEO29', '2024', 2, 2448985, 1.66),
('ECO12', '2024', 2, 2448985, 1.92),
('ART36', '2024', 2, 2448985, 1.51);

-- --------------------------------------------------------

--
-- Table structure for table `module_master`
--

CREATE TABLE `module_master` (
  `module` varchar(5) NOT NULL,
  `number_of_credits` int(2) NOT NULL
) ENGINE=InnoDB DEFAULT CHARSET=utf8mb4;

--
-- Dumping data for table `module_master`
--

INSERT INTO `module_master` (`module`, `number_of_credits`) VALUES
('CUS19', 4),
('ENG42', 2),
('MAT15', 2),
('PHY28', 3),
('CHE03', 1),
('BIO21', 3),
('HIS07', 2),
('GEO29', 3),
('ECO12', 2),
('ART36', 1),
('PSY50', 2),
('SOC18', 1),
('CSE10', 2),
('ECE25', 2),
('MEC33', 2),
('MUS14', 1),
('FRE27', 4),
('SPA04', 2),
('GER09', 3),
('ITA22', 2),
('JPN31', 2),
('CHI16', 3),
('RUS38', 3),
('ARF11', 4),
('PHI20', 4),
('POL44', 3),
('IND02', 4),
('KOR05', 2),
('THA30', 1),
('HIN13', 3),
('MAL35', 3),
('SWE08', 4),
('DUT49', 3),
('FIN26', 4),
('NOR48', 1),
('POR17', 3),
('TUR23', 4),
('VIK37', 2),
('SWA06', 2),
('ZUL40', 1),
('AFR32', 4),
('MNG45', 4),
('LAO21', 4),
('CAM14', 1),
('BEN03', 4),
('TAM09', 2),
('TEL12', 4),
('KAN25', 2),
('MAR18', 2),
('URD47', 4);

-- --------------------------------------------------------

--
-- Table structure for table `probation`
--

CREATE TABLE `probation` (
  `student_id` int(11) NOT NULL,
  `student_name` varchar(200) NOT NULL,
  `semester1_gpa` float NOT NULL,
  `semester2_gpa` float NOT NULL,
  `cumlative_gpa` float NOT NULL,
  `desired_gpa` float NOT NULL,
  `year` int(4) NOT NULL,
  `report_id` int(11) NOT NULL
) ENGINE=InnoDB DEFAULT CHARSET=utf8mb4;

--
-- Dumping data for table `probation`
--

INSERT INTO `probation` (`student_id`, `student_name`, `semester1_gpa`, `semester2_gpa`, `cumlative_gpa`, `desired_gpa`, `year`, `report_id`) VALUES
(2421156, 'Allison Santiago', 1.74, 1.53, 1.63, 2.2, 2024, 698),
(2462433, 'Andrew Carter', 1.57, 1.57, 1.57, 2.2, 2024, 699),
(2427079, 'Cody Jones', 1.61, 1.58, 1.59, 2.2, 2024, 700),
(2476186, 'Gary Bell', 1.63, 1.54, 1.58, 2.2, 2024, 701),
(2420526, 'Ronnie Wise', 1.61, 1.57, 1.59, 2.2, 2024, 702),
(2476451, 'Jessica Harrison', 1.6, 1.59, 1.59, 2.2, 2024, 703),
(2450504, 'Billy Taylor', 1.6, 1.57, 1.59, 2.2, 2024, 704),
(2438275, 'Dylan Oliver', 1.59, 1.57, 1.58, 2.2, 2024, 705),
(2482614, 'Eric Johnston', 1.6, 1.55, 1.58, 2.2, 2024, 706),
(2448985, 'Richard Murphy', 1.61, 1.55, 1.58, 2.2, 2024, 707),
(2366320, 'Lindsey Cox', 1.5, 1.59, 1.54, 1.9, 2023, 708),
(2324305, 'John Martin', 1.5, 1.58, 1.54, 1.9, 2023, 709),
(2395279, 'Lawrence Atkins', 1.5, 1.58, 1.54, 1.9, 2023, 710),
(2358836, 'Gabrielle Tate', 1.49, 1.58, 1.54, 1.9, 2023, 711),
(2381830, 'Abigail Robertson', 1.5, 1.58, 1.54, 1.9, 2023, 712),
(2352819, 'Kristin Walker', 1.49, 1.58, 1.54, 1.9, 2023, 713),
(2382485, 'David Schmidt', 1.49, 1.58, 1.54, 1.9, 2023, 714),
(2364773, 'Jesse Day', 1.49, 1.58, 1.54, 1.9, 2023, 715),
(2322379, 'Scott Johnson', 1.49, 1.58, 1.54, 1.9, 2023, 716),
(2329739, 'Aaron Rhodes', 1.49, 1.58, 1.54, 1.9, 2023, 717),
(2353446, 'Andrew Osborne', 1.49, 1.58, 1.54, 1.9, 2023, 718);

-- --------------------------------------------------------

--
-- Table structure for table `student_master`
--

CREATE TABLE `student_master` (
  `student_Id` int(7) NOT NULL,
  `student_Name` varchar(35) NOT NULL,
  `student_email` varchar(75) NOT NULL,
  `school` varchar(75) NOT NULL,
  `programme` varchar(5) NOT NULL
) ENGINE=InnoDB DEFAULT CHARSET=utf8mb4;

--
-- Dumping data for table `student_master`
--

INSERT INTO `student_master` (`student_Id`, `student_Name`, `student_email`, `school`, `programme`) VALUES
(1913105, 'Blake Hall', 'blakehall@mail.com', 'Utech', 'BUSI'),
(1926734, 'Elizabeth Vasquez', 'elizabethvasquez@mail.com', 'Utech', 'EDUC'),
(1945912, 'Mr. Michael Mejia', 'mr.michaelmejia@mail.com', 'Utech', 'SCIT'),
(1951066, 'Allison Conner', 'allisonconner@mail.com', 'Utech', 'ARTS'),
(1965310, 'Mary Alvarado', 'maryalvarado@mail.com', 'Utech', 'BUSI'),
(1976218, 'Gary Hall', 'garyhall@mail.com', 'Utech', 'SCI'),
(1985409, 'Kara Johnson', 'karajohnson@mail.com', 'Utech', 'SCI'),
(2018212, 'Catherine Ford', 'catherineford@mail.com', 'Utech', 'EDUC'),
(2020630, 'Nathan Smith', 'nathansmith@mail.com', 'Utech', 'SCIT'),
(2028160, 'Melissa Phelps', 'melissaphelps@mail.com', 'Utech', 'SCI'),
(2062769, 'Michael Yang', 'michaelyang@mail.com', 'Utech', 'ARTS'),
(2074223, 'Wayne Rice', 'waynerice@mail.com', 'Utech', 'LAW'),
(2080008, 'Donna Sims', 'donnasims@mail.com', 'Utech', 'BUSI'),
(2086311, 'Angel Chaney PhD', 'angelchaneyphd@mail.com', 'Utech', 'LAW'),
(2088124, 'Douglas Mccullough', 'douglasmccullough@mail.com', 'Utech', 'SCI'),
(2090955, 'Kathleen Brock', 'kathleenbrock@mail.com', 'Utech', 'SCIT'),
(2097164, 'Francisco Larson', 'franciscolarson@mail.com', 'Utech', 'SCIT'),
(2111979, 'Heather Smith', 'heathersmith@mail.com', 'Utech', 'LAW'),
(2126732, 'David Villarreal', 'davidvillarreal@mail.com', 'Utech', 'HEAL'),
(2170112, 'John Brown', 'johnbrown@mail.com', 'Utech', 'SCI'),
(2184941, 'Dylan Oliver', 'dylanoliver@mail.com', 'Utech', 'SCIT'),
(2189290, 'Haley Marshall', 'haleymarshall@mail.com', 'Utech', 'SCI'),
(2190646, 'Jessica Clark', 'jessicaclark@mail.com', 'Utech', 'ARCH'),
(2221645, 'Jennifer Christian', 'jenniferchristian@mail.com', 'Utech', 'ARCH'),
(2230770, 'Andre Smith', 'andresmith@mail.com', 'Utech', 'BUSI'),
(2233462, 'Daniel Davis', 'danieldavis@mail.com', 'Utech', 'LAW'),
(2241813, 'Geoffrey Hendrix', 'geoffreyhendrix@mail.com', 'Utech', 'ARCH'),
(2247603, 'Sylvia Diaz', 'sylviadiaz@mail.com', 'Utech', 'ENGR'),
(2287940, 'Dr. Diamond Miller MD', 'dr.diamondmillermd@mail.com', 'Utech', 'HEAL'),
(2322379, 'Scott Johnson', 'scottjohnson@mail.com', 'Utech', 'ARCH'),
(2324305, 'John Martin', 'johnmartin@mail.com', 'Utech', 'LAW'),
(2329739, 'Aaron Rhodes', 'aaronrhodes@mail.com', 'Utech', 'LAW'),
(2352819, 'Kristin Walker', 'kristinwalker@mail.com', 'Utech', 'SCI'),
(2353446, 'Andrew Osborne', 'andrewosborne@mail.com', 'Utech', 'SCIT'),
(2358836, 'Gabrielle Tate', 'gabrielletate@mail.com', 'Utech', 'HEAL'),
(2364773, 'Jesse Day', 'jesseday@mail.com', 'Utech', 'BUSI'),
(2366320, 'Lindsey Cox', 'lindseycox@mail.com', 'Utech', 'ARCH'),
(2381830, 'Abigail Robertson', 'abigailrobertson@mail.com', 'Utech', 'ARTS'),
(2382485, 'David Schmidt', 'davidschmidt@mail.com', 'Utech', 'SCI'),
(2395279, 'Lawrence Atkins', 'lawrenceatkins@mail.com', 'Utech', 'BUSI'),
(2420526, 'Ronnie Wise', 'ronniewise@mail.com', 'Utech', 'SCIT'),
(2421156, 'Allison Santiago', 'allisonsantiago@mail.com', 'Utech', 'BUSI'),
(2427079, 'Cody Jones', 'codyjones@mail.com', 'Utech', 'BUSI'),
(2438275, 'Dylan Oliver', 'dylanoliver@mail.com', 'Utech', 'ARCH'),
(2448985, 'Richard Murphy', 'richardmurphy@mail.com', 'Utech', 'ARCH'),
(2450504, 'Billy Taylor', 'billytaylor@mail.com', 'Utech', 'HEAL'),
(2462433, 'Andrew Carter', 'andrewcarter@mail.com', 'Utech', 'BUSI'),
(2476186, 'Gary Bell', 'garybell@mail.com', 'Utech', 'SCIT'),
(2476451, 'Jessica Harrison', 'jessicaharrison@mail.com', 'Utech', 'LAW'),
(2482614, 'Eric Johnston', 'ericjohnston@mail.com', 'Utech', 'BUSI');

--
-- Indexes for dumped tables
--

--
-- Indexes for table `probation`
--
ALTER TABLE `probation`
  ADD PRIMARY KEY (`report_id`);

--
-- Indexes for table `student_master`
--
ALTER TABLE `student_master`
  ADD PRIMARY KEY (`student_Id`);

--
-- AUTO_INCREMENT for dumped tables
--

--
-- AUTO_INCREMENT for table `probation`
--
ALTER TABLE `probation`
  MODIFY `report_id` int(11) NOT NULL AUTO_INCREMENT, AUTO_INCREMENT=719;
COMMIT;

/*!40101 SET CHARACTER_SET_CLIENT=@OLD_CHARACTER_SET_CLIENT */;
/*!40101 SET CHARACTER_SET_RESULTS=@OLD_CHARACTER_SET_RESULTS */;
/*!40101 SET COLLATION_CONNECTION=@OLD_COLLATION_CONNECTION */;
